firstName,lastName,gender,age
Devonne,Worsham,Female,80
Brigg,Girod,Male,30
Raquela,Dolder,Female,32
Thea,Crosson,Female,25
Luz,Warland,Female,48
Bettina,Rosingdall,Female,31
Nikola,Wooderson,Male,21
Duky,Marishenko,Male,29
Cynthia,Cossam,Female,59
Jacinta,Antunes,Female,24
Swen,Gawne,Male,39
Francesco,Pipes,Male,79
Edward,Greeveson,Male,74
Con,Kirk,Male,76
Aylmer,Minors,Male,75
Marybelle,Fettes,Female,42
Elden,Everitt,Male,57
Mickie,Tong,Female,31
Harman,Synnott,Male,67
Aluino,Saunderson,Male,52
Ginger,Becke,Female,71
Aluino,Trimby,Male,66
Irena,Head,Female,64
Noelyn,Mankor,Female,45
Jayme,Turbitt,Male,36
Rayna,Perryman,Female,38
Lorri,Bogie,Female,83
Dunn,Attaway,Male,40
Paul,Tal,Male,84
Richy,Mordue,Male,52
Natalya,Hartlebury,Female,77
Aldon,Phoebe,Male,36
Leonhard,Laurentin,Male,45
Shoshanna,Renvoys,Female,28
Cosme,Tubridy,Male,51
Izzy,Joanaud,Male,85
Pieter,Lindro,Male,30
Berton,Jura,Male,69
Aliza,Elgee,Female,84
Baldwin,Minghella,Male,22
Nicky,MacCaffery,Female,66
Aurthur,Doggart,Male,69
Harriet,Longea,Female,36
Jeremiah,Wray,Male,49
Clair,McGawn,Male,72
Sacha,Scraggs,Female,21
Brnaba,Semor,Male,48
Austin,Trengrouse,Female,40
Elysha,Oganesian,Female,68
Reinaldos,Travis,Male,38
Tani,Thornley,Female,72
Gail,Renoden,Male,42
Galven,Linke,Male,67
Prentice,Eslinger,Male,65
Amie,Inold,Female,67
Claribel,Binge,Female,53
Nathan,Hanton,Male,55
Orelee,Causer,Female,40
Meredeth,Flatman,Male,29
Cobbie,Churchlow,Male,38
Shoshana,Obin,Female,77
Daniela,Lowndsborough,Female,25
Silvester,Gartsyde,Male,65
Sabra,Welfare,Female,45
Nerta,Heifer,Female,36
Leonardo,Bartalot,Male,40
Korie,Hedde,Female,44
Malchy,Merton,Male,74
Ruggiero,MacParland,Male,38
Gaylor,Heeps,Male,70
Berta,Jaqueme,Female,43
Dov,Huie,Male,34
Nicol,Hands,Male,59
Maible,Cree,Female,62
Fayth,Gilman,Female,65
Robbie,Harrinson,Male,74
Yves,Gerring,Male,25
Nestor,Caygill,Male,42
Brandy,Titmus,Male,69
Lucais,Tipling,Male,38
Mollie,Greenley,Female,73
Rolfe,Ciotti,Male,66
Cart,Antos,Male,79
Cullin,Mingasson,Male,60
Ches,Devons,Male,67
Brandais,Ventura,Female,58
Garold,Stanner,Male,84
Veronica,Mitkov,Female,66
Antonius,Walley,Male,62
Langston,Wraggs,Male,84
Katuscha,Kettoe,Female,26
Rosene,Kingshott,Female,55
Glenine,Alabaster,Female,66
Ilaire,Nuemann,Male,84
Fidel,Greatbach,Male,50
Lela,Sloane,Female,48
Isa,Kettlewell,Male,72
Celestine,O'Cooney,Female,52
Gayler,Bogie,Male,24
Arturo,Hehl,Male,50
Yankee,Daud,Male,24
Sara-ann,De Bernardi,Female,32
Sanderson,Towl,Male,18
Andreana,Watford,Female,71
Carce,Boston,Male,85
Sonya,Farnaby,Female,26
Mirabel,Bridge,Female,57
Maegan,Pinfold,Female,84
Boote,Morrall,Male,56
Massimiliano,Hairs,Male,77
Auguste,Giddy,Female,29
Davidson,Jerisch,Male,20
Sonny,Sor,Female,69
Horacio,Denk,Male,80
Fidela,Bresnen,Female,23
Derron,Roman,Male,22
Dael,Dominec,Male,50
Martie,Foxton,Female,35
Ami,Plumstead,Female,37
Boris,Dilland,Male,19
Valerie,Brigham,Female,53
Henka,Nockells,Female,41
Caresse,Antoniou,Female,76
Winni,Spera,Female,28
Tobiah,Keary,Male,71
Nerta,Copley,Female,75
Nola,Tempest,Female,47
Stanislas,Bendley,Male,39
Morty,Vipan,Male,58
Keir,Whall,Male,61
Maxy,Gadie,Male,55
Hally,Partener,Female,64
Kelsy,Beckers,Female,46
Brandy,Slayton,Male,27
Ferdinand,Clynman,Male,44
Nickie,Brauninger,Male,24
Cristina,Brickett,Female,37
Renault,Rennles,Male,44
Tiff,Sabben,Female,65
Galen,Le - Count,Male,78
Chaunce,Iashvili,Male,30
Turner,O'Criane,Male,27
Melinda,Toor,Female,83
Giulietta,Rawlings,Female,32
Martino,Brandenberg,Male,46
Mile,Patron,Male,32
Gennie,Haxby,Female,34
Jaymee,Fontel,Female,42
Spenser,Heynel,Male,48
Lauree,Mettricke,Female,72
Waring,Bathow,Male,73
Marilee,Rothwell,Female,59
Bronnie,Bryant,Male,34
Katharine,Westmorland,Female,54
Evyn,Stopper,Male,24
Jocko,Michal,Male,41
Flory,Jerrim,Male,47
Sheffy,Larham,Male,70
Myron,Tremain,Male,82
Steven,Ivanitsa,Male,59
Laurice,Maundrell,Female,20
Liuka,Message,Female,73
Georgiana,Pecht,Female,30
Calley,McGlashan,Female,68
Alix,Minall,Male,62
Iago,Anton,Male,85
Mindy,McKyrrelly,Female,52
Alan,Oldaker,Male,68
Hastie,Servant,Male,38
Berrie,Muckleston,Female,53
Charissa,Nail,Female,44
Joseito,Kolushev,Male,43
Dorice,Geldeard,Female,32
Gian,McCaughey,Male,26
Cleveland,Reimers,Male,71
Vernen,Radenhurst,Male,25
Hoyt,O'Roan,Male,35
Kittie,Dumphy,Female,79
Gale,Hawkwood,Female,73
Ambur,Adolf,Female,25
Ursula,Loxston,Female,33
Vernen,Breyt,Male,34
Sherlock,Dumbleton,Male,69
Bendicty,Heartfield,Male,25
Lynnet,Cleall,Female,51
Jolee,Stapylton,Female,53
Lynnelle,Rothery,Female,53
Arlen,Muggleton,Female,62
Enoch,Taplin,Male,85
Mona,Padbury,Female,40
Damita,Alderman,Female,43
Tony,Hardwick,Female,22
Matteo,Garnsey,Male,25
Gene,Swannie,Male,44
Meade,Paragreen,Male,27
Zsazsa,Togwell,Female,18
Joly,Terne,Female,58
Heida,Ivanilov,Female,83
Oriana,Strotton,Female,49
Camile,Franciskiewicz,Female,76
Gene,Walworth,Female,26
Maynord,Olenchikov,Male,68
Netty,Nesey,Female,60
Casi,Cann,Female,74
Erskine,Evenden,Male,64
Lusa,Coumbe,Female,21
Bealle,Faucett,Male,80
Nike,Thatcher,Female,19
Peter,Peaker,Male,66
Denna,Reide,Female,77
Anestassia,Hambric,Female,42
Lana,Bettington,Female,29
Maxie,De Beneditti,Male,40
Melony,Clack,Female,64
Matty,Gowry,Male,22
Mirabelle,Briant,Female,38
Derwin,Pedrozzi,Male,53
Constantia,Andreopolos,Female,51
Kaycee,Hamlet,Female,67
Hobard,Doward,Male,36
Adrien,De la Perrelle,Male,83
Hiram,Jerram,Male,44
Kipp,Cove,Male,65
Frederich,Dwine,Male,55
Caleb,Heineking,Male,28
Christie,Gregol,Female,34
Orren,Mantz,Male,49
Rudy,Thon,Male,19
Lucy,Eccleshall,Female,81
Riki,Pidcock,Female,78
Aubrie,Oxbrough,Female,38
Matti,Biggans,Female,48
Taylor,Fahrenbacher,Male,23
Cyndy,Cadreman,Female,52
Agace,Bruin,Female,38
Ailina,Ferraresi,Female,42
Paquito,Davsley,Male,43
Pail,Brinsford,Male,32
Gibby,Stillwell,Male,26
Gerri,Camsey,Male,32
Parker,Blinman,Male,22
Ariela,Garlant,Female,34
Randi,Rozec,Female,83
Rupert,Veronique,Male,41
Titos,Donne,Male,36
Julietta,MacDougall,Female,80
Wesley,Corryer,Male,55
Brooke,Plaskitt,Male,54
Olin,Andrivot,Male,62
Gustave,Tapsell,Male,36
Vassili,De Laci,Male,53
Brandy,Gipp,Female,63
Nickey,Helks,Male,66
Barri,Fennell,Male,20
Garik,Smale,Male,54
Isobel,Kryska,Female,66
Clive,Bankes,Male,35
Norris,Fernant,Male,61
Minda,Bromet,Female,46
Ondrea,Mowat,Female,38
Wilfred,McCrystal,Male,23
Rodney,Bridywater,Male,31
Ric,Juszczak,Male,81
Cornelia,Mattea,Female,37
Blondelle,Juza,Female,45
Francois,Gaize,Male,81
Wylie,McDonagh,Male,30
Sherri,De Moreno,Female,33
Raven,Stoggles,Female,85
Bartholemy,Swaton,Male,24
Zacharia,Hilbourne,Male,48
Franklin,Belfelt,Male,23
Cesaro,Zoren,Male,43
Nobe,Lyste,Male,28
Aldin,O' Shea,Male,71
Ganny,Neillans,Male,61
Gilles,Kenlin,Male,31
Humfried,Lusty,Male,32
Orazio,Imason,Male,83
Mateo,Sherratt,Male,48
Giorgi,Goatcher,Male,79
Nadiya,Vogel,Female,69
Ahmed,Millam,Male,28
Brig,Larkworthy,Male,34
Hewie,Menendez,Male,83
Dona,Greensall,Female,55
Lucita,Jossel,Female,28
Martainn,Urwen,Male,76
Dacia,Harlow,Female,78
Ulrika,Godleman,Female,35
Stanfield,Pottberry,Male,80
Siegfried,Brigshaw,Male,48
Abey,Mertin,Male,25
Alexi,Ferenczi,Female,53
Ardelle,Le Frank,Female,57
Zonnya,Lints,Female,81
Levy,Chessel,Male,22
Enrica,Fulle,Female,52
Alfie,Delgardo,Female,69
Elga,Deam,Female,57
Randi,Wigfall,Male,22
Kelsi,Grantham,Female,66
Caryn,Niesing,Female,56
Ricoriki,Kenrat,Male,77
Ray,Kimbrey,Male,84
Waldo,Gowling,Male,45
Eleonore,Le Conte,Female,71
Rob,Jost,Male,57
Bronny,Jacquet,Male,80
Giacomo,Eallis,Male,68
Sheffy,Peter,Male,19
Jilleen,Chaplin,Female,56
Averil,Creany,Male,71
Giorgio,Martini,Male,46
Cherice,Gullane,Female,34
West,Hawkyens,Male,78
Jolynn,Delhay,Female,37
Vivyan,Arlow,Female,22
Maura,Colledge,Female,22
Wilfrid,Goldring,Male,57
Nicoline,Gradley,Female,58
Baillie,Juggings,Male,76
Mateo,Skate,Male,26
Ancell,Vasishchev,Male,45
Christos,Binnell,Male,61
Evie,Swadling,Female,62
Burch,Kolakowski,Male,81
Jenelle,Skermer,Female,80
Amii,Swarbrick,Female,37
Linnet,Scrowson,Female,85
Izabel,Spender,Female,50
Suki,Shurey,Female,30
Augustina,Moreinis,Female,43
Welsh,Iveans,Male,58
Tabbi,McKillop,Female,68
Kristoffer,Corker,Male,53
Suki,Baggaley,Female,60
Chere,McCahey,Female,68
Elle,Patria,Female,19
Cherise,Sieb,Female,50
Jarret,Gallager,Male,29
Nollie,Clerk,Female,40
Kasper,Lothlorien,Male,28
Drew,Hartridge,Male,41
Guinna,Leigh,Female,42
Curr,Flaherty,Male,62
Blinnie,Rowly,Female,53
Anatol,Bolwell,Male,56
Bertina,Abbess,Female,75
Miner,Wybrow,Male,72
Bette-ann,Dagwell,Female,18
Lilas,Tripon,Female,78
Obadias,Brunnen,Male,41
Maisie,Dron,Female,84
Ingrim,Bechley,Male,32
Giana,Minogue,Female,74
Ealasaid,Morphey,Female,30
Erv,Pulfer,Male,51
Forrester,Bisiker,Male,40
Bartel,Sansam,Male,53
Ignazio,Matches,Male,84
Clayson,Garside,Male,27
Lyman,Donett,Male,41
Lari,Naseby,Female,67
Juline,Hogben,Female,23
Lazaro,Appleton,Male,70
Sharity,Hardeman,Female,75
Ermanno,Scholler,Male,36
Morry,Willatts,Male,32
Grata,Hymer,Female,26
Emmery,Steiner,Male,76
Theresina,Lakenton,Female,18
Kellyann,Jouaneton,Female,45
Nissy,Lochhead,Female,48
Rosalia,Vignaux,Female,19
Obed,Fery,Male,66
Laura,Wadie,Female,70
Konstanze,Sansam,Female,61
Korey,Guitte,Male,31
Louise,Skuse,Female,70
Sella,Perett,Female,64
Willie,Starrs,Male,72
Selina,Basil,Female,22
Annadiane,Cammacke,Female,59
Lian,Stuckford,Female,23
Winslow,Hathwood,Male,45
Currie,Parmley,Male,44
Gerhardt,Lesor,Male,46
Tabbie,Domange,Female,39
Bobine,Keane,Female,77
Horst,Ebunoluwa,Male,77
Dolph,Sleeman,Male,19
Chiarra,Statefield,Female,25
Sallyann,Marris,Female,80
Wyn,Attride,Male,43
Rodney,Schleicher,Male,79
Filip,McDougall,Male,60
Kori,Carnihan,Female,77
Pacorro,Jakoubek,Male,39
Clarabelle,McAuliffe,Female,39
Susie,Lau,Female,32
Guglielma,Rowe,Female,80
Poul,Toyer,Male,83
Keslie,Tommei,Female,43
Addi,Mussington,Female,85
Windy,Shillom,Female,69
Josefina,Forson,Female,65
Xaviera,Kirkland,Female,67
Julissa,John,Female,54
Coletta,Gumn,Female,30
Saundra,Banane,Male,36
Bryce,Olorenshaw,Male,50
Cord,Coltart,Male,22
Billi,Lomasney,Female,36
Elyssa,Gores,Female,44
Nicole,Kupper,Female,73
Erek,Di Biagi,Male,43
Wenona,Bence,Female,31
Melloney,Espino,Female,76
Lilli,Rollason,Female,29
Daphna,Colegrove,Female,57
Robinson,Gioan,Male,72
Nikolos,Sawdon,Male,45
Leonard,Ellerby,Male,65
Lucias,Gostridge,Male,85
Car,Grene,Male,74
Thedric,Pudsey,Male,64
Wiley,Ivkovic,Male,22
Saraann,Matten,Female,38
Gasparo,Tring,Male,56
Harriet,Edgler,Female,84
Frederica,Kibble,Female,75
Davon,Padgett,Male,22
Gerianna,Rolinson,Female,54
Helen,Ambrogini,Female,41
Riannon,Ritmeyer,Female,30
Kalila,Wheble,Female,35
Cyrillus,Heatherington,Male,50
Lana,Christoffels,Female,71
Robena,Cullingford,Female,41
Nadia,Dankov,Female,82
Othella,Greatrex,Female,63
Gerhardine,Delong,Female,23
Freddy,Balme,Male,33
Osmond,Jedryka,Male,18
Toby,Siemons,Female,31
Charisse,Guido,Female,41
Georgeta,Picker,Female,37
Nadya,Lamble,Female,76
Mariejeanne,Bentson,Female,82
Andonis,Juanes,Male,38
Dorice,Banisch,Female,63
Sigmund,Jillins,Male,42
Coral,Pennock,Female,76
Mason,Devote,Male,29
Auberta,Handy,Female,73
Isidoro,Helleckas,Male,33
Terrijo,Hawson,Female,62
Willi,Capin,Male,22
Rainer,MacSweeney,Male,43
Ahmad,Lewinton,Male,26
Dotty,Elsmore,Female,32
Frankie,Scranedge,Male,34
Daren,Grassot,Male,83
Johnnie,Samsworth,Male,23
Justin,Stopher,Male,47
Reynard,Bloxsome,Male,61
Goran,Whitloe,Male,71
Mufinella,Crossingham,Female,29
Rowland,Cargo,Male,48
Cris,Beauman,Female,29
Terrye,Dillon,Female,59
Adella,Simononsky,Female,36
Abner,Mitton,Male,68
Selina,Hargroves,Female,24
Ephrem,Burdfield,Male,69
Grange,Normant,Male,77
Vinita,Daily,Female,65
Daisy,Musker,Female,43
Guglielma,Beaconsall,Female,22
Charyl,Snelling,Female,84
Willamina,Freeborne,Female,42
Eve,Pepall,Female,36
Shelly,Locksley,Female,49
Hazel,Hurt,Male,21
Gothart,China,Male,51
Yul,Yurkin,Male,71
Jacky,Arkin,Male,34
Ira,Cosgrive,Male,71
Trula,Gatecliffe,Female,47
Melesa,Linnit,Female,50
Francyne,Tomsa,Female,77
Camel,Dredge,Female,18
Cheslie,Hillam,Female,44
Vladimir,Longcake,Male,23
Aldric,Grent,Male,21
Mabelle,Gostick,Female,72
Foss,Pisculli,Male,81
Alasteir,Emtage,Male,46
Peggy,Robbel,Female,45
Myrwyn,Baldinotti,Male,43
Webb,Gillebert,Male,34
Bennie,Sussams,Male,84
Arri,Offen,Male,83
Jose,Harhoff,Male,44
Jorey,Larsen,Female,77
Hewitt,Snalum,Male,64
Dell,Cockshtt,Male,33
Arlin,Seppey,Male,35
Kerrie,Antoniat,Female,79
Ford,Dunridge,Male,67
Archambault,Rydings,Male,24
Sherry,Deller,Female,25
Tyrus,Hammell,Male,24
Ingaberg,Charlewood,Female,26
Lucky,Pawlik,Female,40
Mickie,Seint,Male,33
Bondon,Lilley,Male,81
Pall,Beggin,Male,22
Carlyle,Zywicki,Male,28
Rafael,Roberson,Male,28
Natalina,De Giorgis,Female,77
Onfroi,Karsh,Male,55
Marris,Domanek,Female,66
Tildy,Gregon,Female,56
Emelia,Gowland,Female,63
Keefe,Fogt,Male,55
Ronda,Portch,Female,78
Deck,Rashleigh,Male,39
Hodge,Kenna,Male,30
Alikee,Nealon,Female,53
Crysta,Aneley,Female,73
Jessamyn,Maruska,Female,83
Quintus,Ayris,Male,20
Burk,Wayland,Male,75
Kerr,Egdal,Male,45
Queenie,Stalley,Female,64
Hercules,Jefford,Male,78
Devinne,Foulstone,Female,20
Hendrik,Turvie,Male,42
Davy,Flew,Male,59
Jonathan,Bossingham,Male,84
Jacob,Benardette,Male,82
Hesther,Pellissier,Female,57
Quinton,Jindra,Male,62
Catharina,Castleman,Female,54
Catlee,Keelan,Female,56
Sutherland,Clelland,Male,54
Vaughan,Wychard,Male,24
Mariellen,Wadsworth,Female,80
Renault,Gouldbourn,Male,77
Odella,Stealey,Female,53
June,Gaish,Female,24
Arther,Ablett,Male,82
Elvera,Kincey,Female,43
Ebony,Sumpter,Female,24
Isidore,Haccleton,Male,36
Bron,Ledram,Male,75
Eimile,Mack,Female,40
Jeremy,Whines,Male,30
Roberta,Murt,Female,69
Maxine,Arnowitz,Female,76
Inesita,Goodman,Female,57
Gabe,Doghartie,Male,79
Elbert,Selwyne,Male,77
Ainslie,Ellcome,Female,37
Mohammed,Mouncher,Male,50
Forster,Lauxmann,Male,71
Sammy,Axston,Male,41
Monte,Jotcham,Male,84
Dorie,Lawrance,Male,54
Dulciana,Soares,Female,26
Cyndie,MacAvddy,Female,43
Marget,Mager,Female,78
Hy,Le Fevre,Male,74
Annadiane,Stampfer,Female,46
Shane,Markovic,Male,56
Carly,Rippen,Male,76
Evelin,Wrathmall,Male,25
Ilise,O'Hartnett,Female,59
Madella,Danieli,Female,49
Benoite,Blasl,Female,48
Lani,Weinberg,Female,61
Magdaia,Polglase,Female,76
Mathilda,Pentony,Female,48
Glory,Roxbrough,Female,78
Derick,Sprake,Male,54
Bailey,Littlechild,Male,48
Greggory,McKinney,Male,31
Klarika,Cromwell,Female,72
Craggie,Tigner,Male,38
Hernando,Borth,Male,63
Eadmund,Vondrasek,Male,35
Priscilla,Newens,Female,35
Rolf,Cohen,Male,70
Nalani,Jesper,Female,57
Vyky,Flamank,Female,25
Pansie,Mowday,Female,82
Merrielle,Sahlstrom,Female,67
Stevie,Luparti,Male,58
Crystal,Gladdifh,Female,30
Hedvig,Flanigan,Female,66
Berti,Proschek,Female,56
Jethro,Barns,Male,68
Adams,Melbourn,Male,51
Etan,O' Byrne,Male,49
Sheppard,Grzegorecki,Male,46
Janelle,Swyre,Female,23
Nero,Hardwich,Male,56
Ruthi,Gemmell,Female,70
Ellis,Keoghan,Male,21
Sibbie,Adao,Female,84
Dennet,Dumbrell,Male,51
Berne,Skirlin,Male,66
Carlee,Dyson,Female,83
Sharity,Edowes,Female,25
Pascal,Snelman,Male,19
Vaclav,Naire,Male,74
Tim,Ochterlonie,Male,83
Davita,Tomasek,Female,78
Linn,Bailie,Male,46
Angelle,Binch,Female,70
Evan,Gorling,Male,54
Melania,Lygo,Female,73
Carolus,Hallaways,Male,28
Land,Swains,Male,23
Neysa,Woollends,Female,22
Teodoor,Goldie,Male,32
Paxon,Ort,Male,56
Nevins,Seson,Male,56
Corey,Sexcey,Female,32
Dody,Menco,Female,24
Cornelia,Westoll,Female,58
Trevar,McFeate,Male,64
Tomasina,MacCardle,Female,33
Melisa,Minero,Female,30
Ethelyn,Keighley,Female,38
Erroll,Halsall,Male,85
Sharlene,Gasperi,Female,40
Jessi,Gamell,Female,67
Ronnie,Wissby,Male,27
Chelsae,McRorie,Female,43
Kalvin,Casey,Male,47
Peter,Privett,Male,34
Brittani,Buncom,Female,79
Robinet,Halworth,Female,58
Emma,De Lascy,Female,73
Killy,Clayton,Male,57
Jolynn,Daffern,Female,48
Grantley,Yule,Male,54
Monty,Ordish,Male,28
Leeann,Christopherson,Female,43
Bobine,Taplin,Female,66
Archaimbaud,Jzak,Male,37
Nisse,Masding,Female,80
Malory,Dilliway,Female,25
Sully,Wigan,Male,52
Herbert,Winslett,Male,83
Reggis,Ladel,Male,37
Tiena,Egell,Female,46
Hadley,Carlisle,Male,83
Clo,Cockayme,Female,50
Antonetta,Bruty,Female,50
Port,Basillon,Male,21
Hamnet,Sherme,Male,36
Gustavo,Da Costa,Male,43
Cobby,Symington,Male,24
Cybil,Maccrea,Female,44
Jany,Janzen,Female,24
Teodoro,Briggs,Male,39
Camellia,Daye,Female,46
Meredith,Eldin,Male,37
Langston,Blew,Male,77
Lou,Pahl,Female,43
Blair,Delea,Male,29
Legra,Shilliday,Female,36
Rory,Keese,Male,34
Fiona,Brecknock,Female,75
Brice,Bungey,Male,56
Ignaz,Schlagman,Male,37
Rey,Beades,Male,79
Ramon,Georgelin,Male,32
Clevie,Gavrieli,Male,20
Gawen,Culkin,Male,52
Andrej,Tomini,Male,80
Payton,Grise,Male,75
Alana,Brisseau,Female,20
Layne,Whatling,Female,56
Harper,Craft,Male,78
Wald,Unworth,Male,54
Eal,Dradey,Male,79
Joellyn,Dobey,Female,22
Goldina,Worling,Female,53
Ransom,Massen,Male,42
Grenville,Goor,Male,74
Philly,Simeone,Female,53
Ryley,Pavic,Male,26
Othelia,Shirer,Female,24
Kissie,Warr,Female,48
Evered,Kinsell,Male,52
Donn,McPhaden,Male,55
Vassili,Francesch,Male,68
Ronalda,Tumpane,Female,65
Emilie,Hazart,Female,78
Ernestus,Stapells,Male,40
Devondra,Benoit,Female,61
Truman,Mugridge,Male,76
Merline,Ecclestone,Female,36
Donalt,Bortolutti,Male,39
Dode,Mordan,Female,60
Mathias,McGaughay,Male,23
Appolonia,Swain,Female,84
Ardenia,Huxstep,Female,27
Pacorro,Moriarty,Male,71
Barny,Basnett,Male,51
Sacha,Buss,Female,47
Vallie,Dossit,Female,81
Bartel,Melin,Male,73
Markus,Ondricek,Male,85
Efrem,Cruikshanks,Male,22
Raine,Telling,Female,68
Gabe,Gunton,Male,66
Mickey,Gumby,Male,65
Cody,Szapiro,Female,76
Berni,Jellett,Female,78
Normy,Duthy,Male,31
Denny,Calender,Male,78
Friedrich,Lockitt,Male,74
Tedda,Welham,Female,40
Salaidh,Merington,Female,79
Penelope,Legge,Female,40
Koren,Wallbutton,Female,54
Auberon,Hansana,Male,77
Delmore,Gipp,Male,23
Bridie,Petasch,Female,43
Zed,Cayet,Male,54
Eugine,Samper,Female,66
Zebadiah,Kay,Male,80
Perkin,Pyffe,Male,58
Sukey,Jockle,Female,67
Agnesse,Dutnall,Female,68
Dun,Inkster,Male,69
Alric,Sutherland,Male,80
Hermie,de Clerk,Male,35
Thorny,Warboys,Male,22
Karrah,Vyel,Female,76
Elmira,Planque,Female,38
Merrie,Mordin,Female,34
Anton,Durrad,Male,71
Barnaby,Prescote,Male,38
Romonda,Witherbed,Female,38
Zaria,Marushak,Female,66
Lara,Hedworth,Female,83
Obed,Adger,Male,59
Marjie,Bohden,Female,74
Viviene,Atling,Female,60
Annora,Hansford,Female,54
Shamus,Maydwell,Male,53
Marquita,Mullany,Female,80
Frasquito,Cunrado,Male,64
Nilson,Tingey,Male,54
Stefania,Sandland,Female,18
Lacie,Grunnill,Female,79
Vivyan,Fitchen,Female,46
Sophie,McArte,Female,56
Hewie,Malyon,Male,66
Sande,Dudhill,Female,24
Moyna,Dwane,Female,72
Maddie,Youthead,Male,22
Fran,Syme,Male,84
Yoshi,Moreno,Female,45
Boris,MacTerrelly,Male,30
Arluene,Licciardiello,Female,44
Freeland,Bernollet,Male,57
Davon,McCritichie,Male,20
Millie,Lively,Female,18
Hyacinthia,Keniwell,Female,82
Darbee,Boltwood,Male,40
Ethe,Cordsen,Male,32
Morgan,Whittall,Female,64
Perkin,Wybourne,Male,76
Yorker,Stallion,Male,35
Ulrick,Burnapp,Male,75
Sophi,Garlett,Female,52
Gretta,Rowthorn,Female,39
Shela,Gunther,Female,68
Raine,Gillani,Female,66
Kelcy,Giuron,Female,21
Margery,Torry,Female,34
Aeriela,Kiraly,Female,34
Frannie,Summerbell,Female,37
Griffith,Larkkem,Male,61
Marcy,Dearan,Female,41
Zacherie,Truitt,Male,83
Rhea,Hague,Female,24
Verine,Battle,Female,58
Gerald,Daburn,Male,33
Urson,Maseres,Male,60
Giulia,Yanne,Female,35
Neila,Standbridge,Female,83
Jabez,Lidgard,Male,64
Teador,Nowaczyk,Male,50
Kimberley,Stringer,Female,18
Wheeler,Ridsdole,Male,27
Elianore,Vedekhin,Female,22
Mahalia,Scraggs,Female,39
Theodoric,Galbraeth,Male,77
Jori,Philipeaux,Female,81
Karim,Greenhead,Male,77
Catrina,Burling,Female,19
Shirline,Jolliffe,Female,18
Whitaker,Laval,Male,60
Daren,Durbin,Male,61
Corny,Walburn,Male,66
Flori,Benez,Female,54
Roosevelt,Tanton,Male,31
Nataniel,Leijs,Male,80
Saree,Rickson,Female,28
Gerrard,Bedburrow,Male,29
Deeyn,Vedeneev,Female,70
Kirstin,Dand,Female,73
Jamill,Simoes,Male,70
Muffin,O'Flannery,Female,50
Heath,Crosse,Male,76
Ingelbert,Hartzogs,Male,75
Bradan,Ball,Male,83
Tammy,Peeke,Female,81
Deb,Orcas,Female,66
Charita,O'Dowgaine,Female,69
Cori,Almey,Female,65
Ollie,Blackey,Male,42
Rubie,Skerrett,Female,57
Bert,Gai,Female,27
Thor,Trammel,Male,32
Gabriela,Atterley,Female,70
Quinn,Parks,Male,23
Brod,Escalante,Male,22
Collette,Lyles,Female,75
Netty,Skeermer,Female,25
Martie,Blowen,Male,27
Phylis,Keal,Female,75
Sherry,Malam,Female,67
Franz,Lemanu,Male,22
Karil,Ticic,Female,36
Sally,Kofax,Female,68
Jasper,Andersch,Male,40
Ignacio,Trelevan,Male,35
Verene,Sibun,Female,34
Monique,Stiling,Female,37
Klement,MacDougal,Male,43
Bran,Pimer,Male,66
Dasya,McCarty,Female,35
Dorette,Le Breton,Female,35
Prince,Slemming,Male,33
Fernanda,Oxherd,Female,47
Garry,Catteroll,Male,62
Conchita,Merigot,Female,43
Celine,Vahey,Female,58
Glenine,Goskar,Female,44
Brigham,Northcott,Male,32
Merla,Adamek,Female,37
Sonja,Taillard,Female,78
Adrea,Gonnin,Female,52
Michele,Goane,Male,22
Paige,Fetherstone,Male,26
Audie,Fullman,Female,55
Farlie,Crumbie,Male,35
Rolland,Mair,Male,35
Jillane,Dominik,Female,63
Alleen,Kiln,Female,42
Padriac,Gorvin,Male,20
Sky,Dicker,Male,40
Selma,Hablet,Female,77
Maryrose,Flude,Female,76
Zena,Duignan,Female,61
Andonis,Batt,Male,45
Torre,Dumphry,Male,30
Derick,MacLice,Male,78
Adela,Ritchman,Female,81
Cirilo,Grealish,Male,60
Syd,McCallum,Male,21
Lilith,Neligan,Female,64
Sibylla,Delacroux,Female,30
Waverley,Conduit,Male,76
Isabeau,Massard,Female,81
Sunshine,Makey,Female,67
Reagen,Grissett,Male,71
Raf,Lyston,Female,20
Sharla,Iveson,Female,46
Faythe,Marsh,Female,52
Merl,Mordacai,Female,25
Lorilee,Stango,Female,84
Mariejeanne,Barok,Female,78
Tadd,Mechell,Male,70
Marjorie,Raistrick,Female,50
Dottie,Caldeyroux,Female,51
Johna,Winney,Female,53
Adam,Stoyles,Male,85
Kirby,Pentin,Female,72
Allegra,Aubrey,Female,64
Maggie,Garrison,Female,44
Con,Woodfield,Female,22
Nial,Dellenbach,Male,52
Vonni,Cornier,Female,72
Garnette,Cawte,Female,78
Shanon,Sloam,Female,47
Clara,Welbeck,Female,74
Sonni,Taffs,Female,44
Jerrine,Liveing,Female,46
Riane,Matveichev,Female,54
Bobinette,Landsborough,Female,30
Levey,Have,Male,52
Barnett,Sapson,Male,65
Elbertine,Van Halen,Female,30
Odele,Pawnsford,Female,22
Cyndy,Rosbottom,Female,59
Avigdor,Kitchingham,Male,34
Mohammed,Loughlin,Male,21
Selia,Riddell,Female,24
Zach,Oldam,Male,59
Wat,Bish,Male,39
Turner,Halstead,Male,39
Juieta,Senchenko,Female,64
Iorgo,Tuffrey,Male,35
Field,Stoyle,Male,21
Ansel,Schwant,Male,75
Brade,Dunlap,Male,74
Caroljean,Fisk,Female,65
Daisie,Rutland,Female,57
Wilbert,Lafuente,Male,25
Vivia,Loren,Female,85
Chrystel,Flann,Female,71
Colver,Emburey,Male,35
Jerome,Priter,Male,18
Billi,Salzburg,Female,23
Burr,MacGill,Male,35
Rosemarie,Gavaghan,Female,62
Kellina,Pohl,Female,21
Adelina,Elletson,Female,58
Nicko,Gumley,Male,83
Mikel,Ashmore,Male,30
Reggi,Dibdin,Female,59
Donnamarie,Giacobini,Female,19
Kelly,Di Meo,Female,19
Nadiya,Fairbrass,Female,62
Octavius,Gage,Male,24
Roderic,Dunridge,Male,38
Jan,Schwander,Male,52
Alika,Mullin,Female,61
Kaitlynn,Tape,Female,37
Noland,Catt,Male,56
Kikelia,Pilkinton,Female,35
Ardis,Wholesworth,Female,74
Robbie,Peagrim,Male,69
Lukas,Winterson,Male,78
Minor,Milburne,Male,57
Eunice,Stobbe,Female,85
Gabi,Say,Female,77
Flossy,Kitteringham,Female,55
Marris,Foulser,Female,39
Wiley,Cleynaert,Male,30
Earle,Orleton,Male,68
Barnie,Lowres,Male,37
Leslie,Colmore,Male,66
Godfry,Anfossi,Male,34
Etty,Canelas,Female,72
Shaun,Durrans,Male,33
Katee,Cowins,Female,76
Junette,Gyenes,Female,54
Baudoin,Renvoise,Male,58
Brady,Aymer,Male,30
Sumner,Macura,Male,41
Kippie,Bulgen,Female,64
Bax,Bullon,Male,53
Brigg,Killen,Male,40
Welch,Brumen,Male,77
Aigneis,Espina,Female,34
Clarance,Pettko,Male,48
Conrad,Hurl,Male,33
Bart,McGibbon,Male,78
Ase,Yuill,Male,77
Juana,Omar,Female,25
Salim,Balloch,Male,68
Sianna,Craze,Female,61
Andree,Dunstan,Female,60
Elena,Jacmard,Female,48
Weber,Browell,Male,33
Gabi,Halshaw,Female,49
Rudy,Dillinger,Male,73
Morgan,Claus,Female,82
Eamon,Woffinden,Male,42
Dasie,Jedrzej,Female,54
Stephen,Aasaf,Male,66
Deeanne,Fesby,Female,53
Sandy,Mandry,Female,58
Lilyan,Walduck,Female,68
Lanie,Sambles,Female,45
Lu,Pullen,Female,53
Gayelord,Bertolin,Male,49
Addie,Hartrick,Female,56
